{
  "version": "2.0",
  "description": "Logistic regression weights and standard scaler parameters",
  "model_type": "logistic_regression",
  "features": [
    "log_target_amount",
    "log_remaining_amount",
    "months_left",
    "monthly_required",
    "progress_pct",
    "monthly_income",
    "avg_monthly_surplus",
    "expense_volatility",
    "current_balance",
    "safe_surplus",
    "savings_rate",
    "feasibility_ratio",
    "avg_monthly_expenses",
    "expense_volatility_ratio",
    "anomaly_count_3m",
    "recurring_expense_ratio",
    "discretionary_ratio",
    "txn_frequency",
    "high_value_txn_count",
    "dining_slope",
    "shopping_slope",
    "entertainment_slope",
    "contribution_streak",
    "missed_saving_months",
    "behavioral_consistency",
    "health_score",
    "debit_ratio_3m_6m",
    "income_stability"
  ],
  "scaler": {
    "mean": [
      13.562618413289387,
      12.896860613028208,
      30.638166666666667,
      36224.89355475616,
      0.42564467326352284,
      161747.51789746093,
      40318.18782798258,
      26199.207746584576,
      1530143.349101888,
      34270.45964353434,
      0.21232961227682728,
      5.000048067812691,
      121429.33003092448,
      0.23928824852445785,
      3.5645,
      0.3483166268045704,
      0.3007361122624328,
      27.50277903699875,
      4.54,
      0.0493349221172848,
      0.1021165953660117,
      0.0758917624624643,
      5.483833333333333,
      7.4055,
      0.5965060718680422,
      0.5736491652205586,
      1.108204740256071,
      0.8730666655103365
    ],
    "scale": [
      0.8472524077864252,
      0.9987752541302672,
      16.724550117682952,
      66289.23729388886,
      0.2446879603259861,
      81877.7398196262,
      29192.101079939217,
      24498.63035330273,
      1174057.080837602,
      24813.28588617968,
      0.09802150555075152,
      13.75615338549627,
      65052.93195184613,
      0.19458454723886404,
      2.299965162779645,
      0.14376723585710693,
      0.1435525448830924,
      13.07524831062008,
      2.8692159207699928,
      0.11581372173223896,
      0.113754337112293,
      0.0719737613884048,
      3.4184409661260626,
      3.342015821327003,
      0.23263878177076128,
      0.2176926766070279,
      0.2309103920083806,
      0.16087654321236838
    ]
  },
  "weights": {
    "log_target_amount": -0.9029458611150186,
    "log_remaining_amount": -0.7218467356897421,
    "months_left": 1.177027353928346,
    "monthly_required": -6.689605413899376,
    "progress_pct": 0.8465068835352251,
    "monthly_income": 1.3517339782232491,
    "avg_monthly_surplus": 2.6480701266693294,
    "expense_volatility": -0.7054367327343309,
    "current_balance": -0.042501552082792195,
    "safe_surplus": 2.6480713488134127,
    "savings_rate": 1.6355641082066545,
    "feasibility_ratio": 1.8705428008921965,
    "avg_monthly_expenses": 0.5130311562978365,
    "expense_volatility_ratio": -1.1447216663450481,
    "anomaly_count_3m": -0.05305667660937658,
    "recurring_expense_ratio": 0.05851668891506654,
    "discretionary_ratio": 0.20055015045492366,
    "txn_frequency": -0.00837712028481155,
    "high_value_txn_count": 0.04236259382322853,
    "dining_slope": -0.3509990318830554,
    "shopping_slope": -0.47515620371231154,
    "entertainment_slope": -0.01756026372896952,
    "contribution_streak": 0.2065308410460299,
    "missed_saving_months": -0.41688578285690275,
    "behavioral_consistency": 0.6127189737201179,
    "health_score": 0.2752945944726576,
    "debit_ratio_3m_6m": -0.15132729952319268,
    "income_stability": -0.05360745060168475
  },
  "bias": 7.491181380501676
}